id,date_start,latitude,longitude,best
199885,1993-02-01,44.872778,18.808333,6
199767,1994-03-03,44.844444,15.918611,1
200575,1995-03-12,43.85,18.383333,1
200731,1995-07-07,44.106389,19.296944,1
200732,1995-07-08,44.106389,19.296944,1
200733,1995-07-09,44.106389,19.296944,2
199829,1992-04-29,45.1375,17.989722,1
200424,1992-05-17,43.85,18.383333,1
199360,1992-11-10,44.880833,18.426944,13
200412,1992-11-22,43.85,18.383333,4
200103,1992-12-17,44.880833,18.426944,2
200719,1993-01-13,44.106389,19.296944,0
200346,1993-01-14,44.765278,15.955278,3
200717,1993-01-17,44.106389,19.296944,7
200081,1993-04-28,44.006667,16.600556,1
199540,1993-05-26,44.8825,16.151389000000002,2
200544,1994-01-04,43.85,18.383333,9
199595,1995-03-18,43.83,18.358611,1
199585,1995-05-16,44.016111,18.258889,1
199607,1995-06-14,43.666944,18.976389,0
199716,1993-05-20,43.343333,17.808056,1
200331,1993-08-13,44.96,16.179167,1
200308,1992-04-28,45.09,18.317778,0
199591,1992-05-08,44.872778,18.808333,3
200421,1992-05-08,43.85,18.383333,3
200422,1992-05-08,43.85,18.383333,9
200788,1992-05-08,44.226667,17.670556,8
200861,1992-05-08,44.201389,17.906389,8
200426,1992-05-20,43.85,18.383333,5
200438,1992-06-08,43.85,18.383333,25
200441,1992-06-12,43.85,18.383333,12
200442,1992-06-13,43.85,18.383333,9
200447,1992-06-18,43.85,18.383333,7
200444,1992-06-21,43.85,18.383333,1
199483,1992-06-22,43.85,18.383333,8
200449,1992-06-22,43.85,18.383333,19
199856,1992-06-23,43.85,18.383333,3
199626,1992-06-24,43.85,18.383333,1
199915,1992-06-24,43.85,18.383333,17
200450,1992-06-24,43.85,18.383333,1
200802,1992-06-24,44.542778,18.669444,22
199931,1992-06-25,44.977222,17.910278,34
200451,1992-06-26,43.85,18.383333,15
200383,1992-06-26,43.85,18.383333,4
200453,1992-06-30,43.85,18.383333,5
200454,1992-07-04,43.85,18.383333,5
200355,1992-07-05,43.85,18.383333,29
200455,1992-07-06,43.85,18.383333,3
200456,1992-07-07,43.85,18.383333,4
200458,1992-07-07,43.85,18.383333,9
200251,1992-07-08,44.365833,18.205556,36
200457,1992-07-08,43.85,18.383333,4
200792,1992-07-08,42.711944,18.344167,46
200010,1992-07-14,43.666944,18.976389,3
200220,1992-07-14,43.343333,17.808056,3
199978,1992-07-25,43.505,18.778611,3
200366,1992-07-25,43.85,18.383333,12
199774,1992-07-31,44.816944,15.870833,2
200370,1992-08-03,43.85,18.383333,18
199720,1992-08-07,45.045833,16.380278,4
199802,1992-08-07,44.8825,16.151389000000002,3
199128,1992-08-12,43.85,18.383333,2
199771,1992-08-12,44.816944,15.870833,5
200373,1992-08-13,43.85,18.383333,8
200376,1992-08-21,43.85,18.383333,12
200379,1992-08-21,43.85,18.383333,4
200666,1992-08-21,43.85,18.383333,10
200123,1992-08-22,43.833056,18.303889,63
199130,1992-08-23,43.85,18.383333,2
200122,1992-08-23,43.833056,18.303889,19
200225,1992-08-23,43.343333,17.808056,0
199541,1992-08-28,43.5825,19.230833,50
199937,1992-08-28,43.83,18.358611,4
200384,1992-08-28,43.85,18.383333,5
200385,1992-08-29,43.85,18.383333,13
199630,1992-08-30,43.85,18.383333,7
199826,1992-08-30,45.1375,17.989722,4
200631,1992-08-30,43.85,18.383333,15
200386,1992-09-01,43.85,18.383333,15
199924,1992-09-07,44.342222,17.265556,6
200148,1992-09-07,43.505278,18.446667,21
199948,1992-09-10,43.83,18.358611,2
200389,1992-09-14,43.85,18.383333,3
200227,1992-09-17,43.343333,17.808056,8
199919,1992-09-19,43.343333,17.808056,2
199727,1993-10-01,43.343333,17.808056,2
199634,1992-09-24,43.85,18.383333,4
200390,1992-09-24,43.85,18.383333,3
199635,1992-09-29,43.85,18.383333,11
200396,1992-09-29,43.85,18.383333,11
200859,1992-09-29,44.386944,19.101389,15
200853,1992-10-12,44.830556,18.31958,3
200740,1992-11-15,44.106389,19.296944,3
200786,1992-11-21,44.226667,17.670556,4
200705,1992-11-26,43.975278,19.535556,1
200799,1992-12-11,44.243611,17.571389,5
200419,1992-12-16,43.85,18.383333,3
199638,1992-12-17,43.85,18.383333,3
200772,1992-12-17,44.611667,17.987222,4
200716,1993-01-11,44.106389,19.296944,0
200776,1993-01-11,44.606389,17.859722,5
200479,1993-01-23,43.85,18.383333,4
200151,1993-02-14,44.325833,17.243611,22
200507,1993-02-17,43.85,18.383333,0
200169,1993-02-18,44.106389,19.296944,4
200761,1993-02-19,44.611667,17.987222,30
200508,1993-02-27,43.85,18.383333,1
200493,1993-03-02,43.85,18.383333,2
200170,1993-03-24,44.106389,19.296944,3
200259,1993-03-31,44.106389,19.296944,2
199502,1993-04-01,43.693611,17.663889,42
199707,1993-04-01,44.146111,17.853333,90
199413,1993-04-02,44.106389,19.296944,3
200724,1993-04-06,44.106389,19.296944,3
200515,1993-04-22,43.85,18.383333,2
199892,1993-04-27,45.039722,16.163889,3
199642,1993-05-01,43.85,18.383333,4
200516,1993-05-01,43.85,18.383333,8
200867,1993-05-04,43.954167,19.133056,101
200019,1993-05-15,43.666944,18.976389,26
200199,1993-05-15,44.549167,18.096667,26
199921,1993-05-19,44.721667,18.821667,5
200203,1993-05-30,44.549167,18.096667,1
200249,1993-05-30,43.823611,18.448889,30
200466,1993-05-30,43.85,18.383333,25
200027,1993-06-08,43.666944,18.976389,11
199434,1993-06-12,43.85,18.383333,8
200033,1993-06-14,43.666944,18.976389,2
200016,1993-06-15,43.666944,18.976389,8
199536,1993-07-01,43.865556,18.043333,0
200037,1993-07-01,43.666944,18.976389,4
199393,1993-07-15,44.816944,15.870833,0
199416,1993-07-21,44.816944,15.870833,3
199970,1993-07-25,43.643889,18.566111,5
200478,1993-07-30,43.85,18.383333,7
199533,1993-08-10,44.658056,18.081389,3
199952,1993-08-17,43.83,18.358611,5
199565,1993-09-08,44.154444,17.790278,0
200637,1993-09-08,43.85,18.383333,1
199500,1993-10-04,45.031389,15.914444,2
200484,1993-10-12,43.85,18.383333,3
200486,1993-10-17,43.85,18.383333,3
199647,1993-10-24,43.85,18.383333,10
199514,1993-10-29,45.189444,15.811667,15
199757,1993-10-29,44.549167,18.096667,1
200101,1993-10-29,43.85,18.383333,1
199505,1993-11-13,43.9625,17.898333,2
199715,1993-11-17,43.343333,17.808056,0
200209,1993-11-26,44.549167,18.096667,3
199441,1993-11-28,43.85,18.383333,5
199140,1993-11-30,43.85,18.383333,2
200498,1993-11-30,43.85,18.383333,2
199648,1993-12-03,43.85,18.383333,2
199805,1993-12-04,44.549167,18.096667,8
200758,1993-12-04,44.604167,18.980556,3
199470,1993-12-09,43.85,18.383333,4
200670,1993-12-09,43.85,18.383333,4
200255,1993-12-25,43.85,18.383333,3
199575,1993-12-25,44.775833,17.185556,3
200530,1994-01-03,43.85,18.383333,6
200543,1994-01-03,43.85,18.383333,8
200836,1994-01-03,43.988889,18.178056,2
199556,1994-01-11,43.85,18.383333,2
200526,1994-01-12,43.85,18.383333,6
199397,1994-01-13,43.85,18.383333,1
200834,1994-01-15,43.988889,18.178056,2
200665,1994-02-16,43.85,18.383333,1
199089,1994-02-17,44.171111,17.6575,0
200686,1994-02-17,43.85,18.383333,1
200181,1994-02-19,44.549167,18.096667,1
200793,1994-02-19,44.542778,18.669444,1
200217,1994-02-23,44.699444,17.9375,1
200257,1994-02-23,44.673889,18.051667,2
200700,1994-02-23,44.646667,18.061667,2
200763,1994-02-23,44.611667,17.987222,2
199696,1994-02-28,44.611667,17.987222,0
200768,1994-02-28,44.611667,17.987222,4
199697,1994-03-01,44.106389,19.296944,0
199355,1994-03-02,44.816944,15.870833,11
199574,1994-03-02,44.816944,15.870833,11
200864,1994-03-05,44.201389,17.906389,4
199616,1994-03-09,44.549167,18.096667,4
200195,1994-03-09,44.549167,18.096667,11
200194,1994-03-09,44.549167,18.096667,6
199081,1994-03-10,43.950833,18.270833,0
200131,1994-03-10,43.950833,18.270833,2
200158,1994-03-24,44.226389,18.691389,2
200060,1994-03-29,43.666944,18.976389,5
200061,1994-03-29,43.666944,18.976389,3
199620,1994-03-29,44.981389,16.713056,16
200766,1994-04-12,44.611667,17.987222,1
199944,1994-04-11,44.734722,18.087778,0
200044,1994-04-15,43.666944,18.976389,2
200783,1994-04-16,44.226667,17.670556,1
200874,1994-04-16,44.386944,19.101389,1
199532,1994-05-06,43.117222,17.810833,1
199453,1994-05-10,44.872778,18.808333,12
199525,1994-05-10,44.872778,18.808333,4
200807,1994-05-11,44.542778,18.669444,2
199904,1994-05-22,44.057222,17.450833,4
199447,1994-06-19,43.85,18.383333,1
200522,1994-06-19,43.85,18.383333,1
199418,1994-06-30,44.226667,17.670556,0
199465,1994-06-30,44.966944,15.943056,2
200785,1994-06-30,44.226667,17.670556,1
200333,1994-07-22,44.574722,18.518611,1
200805,1994-07-23,44.542778,18.669444,3
199115,1994-07-24,43.666944,18.976389,0
200155,1994-07-26,44.226389,18.691389,3
199953,1994-09-17,43.83,18.358611,1
199913,1994-09-24,45.054722,16.031944,3
199821,1994-09-27,43.579722,18.0175,1
199151,1994-09-28,44.611667,17.987222,6
199764,1994-09-28,44.611667,17.987222,6
200129,1994-10-03,43.950833,18.270833,2
199795,1994-10-17,44.816944,15.870833,6
200127,1994-10-29,43.833056,18.303889,1
200651,1994-10-29,43.85,18.383333,1
199593,1994-11-11,43.343333,17.808056,1
200223,1994-11-11,43.343333,17.808056,1
200343,1994-11-11,43.243333,17.980556,2
200872,1994-11-11,43.211944,17.989167,2
199520,1994-11-17,45.189444,15.811667,4
200535,1994-11-18,43.85,18.383333,1
200810,1994-11-18,44.542778,18.669444,2
199123,1994-11-25,43.343333,17.808056,0
199389,1994-12-09,44.816944,15.870833,1
200540,1994-12-12,43.85,18.383333,1
200749,1994-12-12,43.835556,18.318333,1
199800,1994-12-13,44.816944,15.870833,1
199426,1994-12-19,44.816944,15.870833,5
199579,1994-12-22,44.816944,15.870833,1
199804,1994-12-22,44.816944,15.870833,1
200542,1994-12-22,43.85,18.383333,2
199403,1995-01-15,43.85,18.383333,1
199432,1995-01-15,44.816944,15.870833,1
199439,1995-01-15,44.816944,15.870833,1
199580,1995-01-15,44.816944,15.870833,0
199122,1995-02-28,44.861389,18.339444,1
199586,1995-03-02,43.819167,18.326111,1
199148,1995-03-11,43.85,18.383333,1
199427,1995-03-11,43.85,18.383333,2
200244,1995-03-20,44.586389,18.795833,100
200618,1995-04-10,43.85,18.383333,1
199609,1995-04-13,44.3975,18.767778,0
200084,1995-04-13,44.3975,18.767778,1
199431,1995-04-13,44.816944,15.870833,3
200621,1995-04-13,43.85,18.383333,5
200769,1995-04-13,44.611667,17.987222,2
199528,1995-04-20,43.789167,18.342778,0
199590,1995-04-20,44.3975,18.767778,0
199891,1995-04-21,44.872778,18.808333,1
199443,1995-04-24,44.816944,15.870833,1
200664,1995-04-24,43.85,18.383333,2
199650,1995-04-28,43.988889,18.178056,1
200628,1995-05-01,43.85,18.383333,16
199893,1995-05-06,44.872778,18.808333,3
199358,1995-05-18,44.816944,15.870833,1
199663,1995-05-18,43.85,18.383333,3
200663,1995-05-18,43.85,18.383333,1
199570,1995-05-24,43.838333,18.388889,0
200627,1995-05-24,43.85,18.383333,0
200246,1995-05-27,43.349167,18.659722,60
200629,1995-05-27,43.85,18.383333,1
200661,1995-05-30,43.85,18.383333,2
200554,1995-06-07,43.85,18.383333,3
200660,1995-06-16,43.85,18.383333,20
200068,1995-06-18,43.666944,18.976389,1
200252,1995-06-18,43.94,17.755833,0
200558,1995-06-18,43.85,18.383333,1
200173,1995-06-19,43.826944,17.007778,1
200253,1995-06-19,43.94,17.755833,0
200553,1995-06-19,43.85,18.383333,2
200559,1995-06-19,43.85,18.383333,2
199440,1995-06-23,44.816944,15.870833,3
199577,1995-06-23,44.816944,15.870833,0
199147,1995-06-27,43.85,18.383333,1
200567,1995-06-27,43.85,18.383333,4
200638,1995-06-27,43.85,18.383333,1
199555,1995-06-29,43.85,18.383333,2
200564,1995-06-29,43.85,18.383333,2
200600,1995-07-01,43.85,18.383333,0
200578,1995-07-03,43.85,18.383333,2
200580,1995-07-04,43.85,18.383333,0
200581,1995-07-04,43.85,18.383333,0
200730,1995-07-06,44.106389,19.296944,1
199479,1995-07-13,43.666944,18.976389,0
199558,1995-07-15,43.85,18.383333,0
199808,1995-07-15,44.816944,15.870833,2
200812,1995-07-18,44.542778,18.669444,1
200595,1995-07-19,43.85,18.383333,1
200596,1995-07-19,43.85,18.383333,3
199467,1995-07-22,43.85,18.383333,4
199853,1995-07-22,43.833056,18.303889,1
199966,1995-07-23,44.143611,17.4,0
200072,1995-07-27,43.666944,18.976389,1
199979,1995-07-29,43.85,18.383333,2
200042,1995-08-03,43.85,18.383333,2
200232,1995-08-04,43.343333,17.808056,2
199724,1995-08-07,44.546111,16.613611,5
199152,1995-08-13,44.542778,18.669444,1
200602,1995-08-13,43.85,18.383333,2
200603,1995-08-14,43.85,18.383333,1
200605,1995-08-15,43.85,18.383333,1
199958,1995-08-18,43.83,18.358611,2
200611,1995-08-31,43.85,18.383333,4
199713,1995-09-12,44.734722,18.087778,1
199094,1995-09-26,43.975,18.520278,0
199705,1995-10-08,44.673056,18.012778,0
200773,1995-10-08,44.673056,18.012778,2
199976,1992-04-27,43.505,18.778611,4
200352,1992-04-27,43.85,18.383333,0
200414,1992-04-28,43.85,18.383333,1
200230,1992-04-29,43.343333,17.808056,3
199356,1992-04-30,43.343333,17.808056,1
200210,1992-04-30,43.343333,17.808056,3
200452,1992-04-30,43.85,18.383333,2
199908,1992-05-01,43.121389,17.684444,2
200858,1992-05-01,44.201389,17.906389,2
199592,1992-05-01,44.872778,18.808333,3000
200369,1992-05-02,43.85,18.383333,13
199920,1992-05-03,43.343333,17.808056,1
200228,1992-05-03,43.343333,17.808056,1
200403,1992-05-03,43.85,18.383333,11
200408,1992-05-04,43.85,18.383333,3
199897,1992-05-04,44.966944,15.943056,0
200407,1992-05-06,43.85,18.383333,3
199882,1992-05-07,44.872778,18.808333,5
200317,1992-05-07,43.518889,18.227778,0
199965,1992-05-10,44.437222,18.908056,12
200420,1992-05-11,43.85,18.383333,4
200423,1992-05-14,43.85,18.383333,4
199761,1992-05-16,43.85,18.383333,7
200425,1992-05-18,43.85,18.383333,2
199867,1992-05-22,44.542778,18.669444,3
200118,1992-05-25,43.822222,18.206667,42
199639,1992-05-27,43.85,18.383333,16
200428,1992-05-27,43.85,18.383333,16
199929,1992-05-28,44.977222,17.910278,9
200427,1992-05-28,43.85,18.383333,9
200429,1992-05-28,43.85,18.383333,3
200229,1992-05-28,43.343333,17.808056,2
200430,1992-05-30,43.85,18.383333,1
200431,1992-06-01,43.85,18.383333,2
199623,1992-06-03,43.85,18.383333,4
199640,1992-06-02,43.85,18.383333,1
200267,1992-06-02,43.784722,19.299167,2
200332,1992-06-02,44.981389,16.713056,16
199801,1992-06-03,43.618333,18.971944,6
199930,1992-06-03,44.977222,17.910278,1
200226,1992-06-03,43.343333,17.808056,3
200432,1992-06-03,43.85,18.383333,3
200433,1992-06-04,43.85,18.383333,4
200436,1992-06-05,43.85,18.383333,1
199126,1992-06-06,43.85,18.383333,8
199624,1992-06-06,43.85,18.383333,2
200434,1992-06-06,43.85,18.383333,10
200437,1992-06-07,43.85,18.383333,20
199744,1992-06-09,44.977222,17.910278,0
200435,1992-06-09,43.85,18.383333,0
200440,1992-06-09,43.85,18.383333,35
200439,1992-06-10,43.85,18.383333,1
199868,1992-06-11,44.542778,18.669444,7
199770,1992-06-12,44.816944,15.870833,100
199162,1992-06-15,43.343333,17.808056,6
200445,1992-06-17,43.85,18.383333,6
200446,1992-06-17,43.85,18.383333,2
200448,1992-06-19,43.85,18.383333,5
200443,1992-06-20,43.85,18.383333,18
200256,1992-07-09,44.365833,18.205556,0
199583,1992-07-10,44.610278,16.665833,144
200353,1992-07-10,43.85,18.383333,1
200354,1992-07-10,43.85,18.383333,6
200347,1992-07-11,43.85,18.383333,0
200009,1992-07-13,43.666944,18.976389,10
200319,1992-07-13,45.011111,18.326667,0
200356,1992-07-13,43.85,18.383333,1
200357,1992-07-13,43.85,18.383333,7
200358,1992-07-14,43.85,18.383333,13
199587,1992-07-15,45.1375,17.989722,0
199711,1992-07-15,43.744722,18.018889,0
199127,1992-07-16,43.85,18.383333,2
200359,1992-07-16,43.85,18.383333,13
200360,1992-07-17,43.85,18.383333,2
200011,1992-07-18,43.666944,18.976389,2
200361,1992-07-20,43.85,18.383333,15
200012,1992-07-22,43.666944,18.976389,50
200362,1992-07-22,43.85,18.383333,1
199411,1992-07-23,43.85,18.383333,5
200363,1992-07-23,43.85,18.383333,5
199932,1992-07-24,44.977222,17.910278,50
199619,1992-07-25,43.85,18.383333,10
200364,1992-07-26,43.85,18.383333,11
200365,1992-07-27,43.85,18.383333,4
199773,1992-07-29,44.816944,15.870833,6
200329,1992-07-30,43.581111,18.573333,13
200367,1992-07-30,43.85,18.383333,4
200368,1992-07-31,43.85,18.383333,11
200796,1992-08-01,43.666111,18.445833,4
199627,1992-08-02,43.85,18.383333,2
200371,1992-08-07,43.85,18.383333,10
200013,1992-08-09,43.666944,18.976389,3
200090,1992-08-09,44.880833,18.426944,46
200372,1992-08-11,43.85,18.383333,2
199559,1992-08-17,43.85,18.383333,6
200014,1992-08-17,43.666944,18.976389,2
200374,1992-08-17,43.85,18.383333,8
200653,1992-08-17,43.85,18.383333,1
200377,1992-08-18,43.85,18.383333,5
200375,1992-08-19,43.85,18.383333,11
199775,1992-08-20,44.816944,15.870833,4
199486,1992-08-21,43.85,18.383333,4
200378,1992-08-21,43.85,18.383333,4
200015,1992-08-22,43.666944,18.976389,9
200017,1992-08-22,43.666944,18.976389,3
200093,1992-08-22,43.85,18.383333,3
200117,1992-08-22,43.833056,18.303889,1
200654,1992-08-22,43.85,18.383333,10
200380,1992-08-23,43.85,18.383333,17
199887,1992-08-24,44.016111,18.258889,3
200216,1992-08-24,43.85,18.383333,32
200382,1992-08-25,43.85,18.383333,28
199900,1992-08-26,44.574444,18.913889,0
200345,1992-08-26,44.5625,18.970278,0
199444,1992-08-27,43.85,18.383333,9
200316,1992-08-27,44.171111,17.6575,1
200695,1992-08-27,43.85,18.383333,9
199719,1992-08-31,44.816944,15.870833,2
199909,1992-08-31,44.966944,15.943056,1
200254,1992-08-31,43.85,18.383333,1
200245,1992-09-03,44.586389,18.795833,5
200381,1992-09-04,43.85,18.383333,6
200312,1992-09-07,45.09,18.317778,3
199631,1992-09-08,43.85,18.383333,4
199854,1992-09-08,43.343333,17.808056,2
200387,1992-09-08,43.85,18.383333,4
200388,1992-09-08,43.85,18.383333,2
200742,1992-09-08,43.084444,17.9575,2
200746,1992-09-12,43.835556,18.318333,270
200801,1992-09-13,44.542778,18.669444,7
199776,1992-09-14,44.816944,15.870833,6
199879,1992-09-14,44.872778,18.808333,25
200134,1992-09-14,44.342222,17.265556,6
200392,1992-09-15,43.85,18.383333,18
199777,1992-09-16,44.816944,15.870833,20
199827,1992-09-16,45.1375,17.989722,3
200018,1992-09-16,43.666944,18.976389,5
200135,1992-09-16,44.342222,17.265556,20
200393,1992-09-17,43.85,18.383333,25
200745,1992-09-17,43.835556,18.318333,30
199584,1992-09-18,44.582222,16.196667,9
199588,1992-09-18,44.555,16.368611,0
199615,1992-09-19,43.343333,17.808056,2
199534,1992-09-20,43.505278,18.446667,0
199875,1992-09-20,44.872778,18.808333,39
199791,1992-09-22,44.816944,15.870833,9
200394,1992-09-22,43.85,18.383333,3
199573,1992-09-23,44.816944,15.870833,9
199633,1992-09-23,43.85,18.383333,3
200136,1992-09-23,44.342222,17.265556,25
200215,1992-09-26,44.494722,18.701944,88
200391,1992-09-26,43.85,18.383333,21
200395,1992-09-28,43.85,18.383333,3
199487,1992-09-28,43.85,18.383333,3
200088,1992-09-28,44.880833,18.426944,4
200137,1992-10-01,44.342222,17.265556,4
200397,1992-10-01,43.85,18.383333,1
200398,1992-10-02,43.85,18.383333,10
200091,1992-10-03,44.880833,18.426944,16
200200,1992-10-03,43.784722,19.299167,5
199949,1992-10-04,43.83,18.358611,2
200191,1992-10-04,44.549167,18.096667,1
199636,1992-10-05,43.85,18.383333,7
200399,1992-10-05,43.85,18.383333,7
200400,1992-10-05,43.85,18.383333,23
199828,1992-10-06,45.1375,17.989722,1
200092,1992-10-06,44.880833,18.426944,12
200139,1992-10-06,44.342222,17.265556,0
199830,1992-10-06,45.1375,17.989722,300
200121,1992-10-07,43.85,18.383333,7
199637,1992-10-10,43.85,18.383333,3
199880,1992-10-10,44.872778,18.808333,3
199967,1992-10-10,43.343333,17.808056,4
200089,1992-10-10,44.880833,18.426944,19
200401,1992-10-10,43.85,18.383333,3
200022,1992-10-11,43.343333,17.808056,4
200094,1992-10-11,44.880833,18.426944,7
200402,1992-10-11,43.85,18.383333,4
199806,1992-10-12,44.797222,18.340278,3
200046,1992-10-12,44.883056,18.385278,3
200095,1992-10-12,44.880833,18.426944,3
200174,1992-10-12,44.541944,18.525833,3
200405,1992-10-12,43.85,18.383333,1
200096,1992-10-13,44.880833,18.426944,6
200098,1992-10-14,44.880833,18.426944,2
200099,1992-10-15,44.880833,18.426944,7
200404,1992-10-18,43.85,18.383333,17
200097,1992-10-25,44.880833,18.426944,4
200124,1992-10-26,43.833056,18.303889,7
200140,1992-10-26,44.342222,17.265556,40
199787,1992-10-27,44.816944,15.870833,1
200406,1992-10-27,43.85,18.383333,6
199641,1992-10-31,43.85,18.383333,1
200411,1992-10-31,43.85,18.383333,29
200100,1992-11-02,44.880833,18.426944,6
200198,1992-11-02,44.549167,18.096667,6
200409,1992-11-02,43.85,18.383333,12
199160,1992-11-06,44.880833,18.426944,6
200323,1992-11-10,44.13,18.582778,25
200023,1992-11-12,43.343333,17.808056,3
199788,1992-11-15,44.816944,15.870833,0
200192,1992-11-15,44.549167,18.096667,24
199881,1992-11-16,44.872778,18.808333,25
200115,1992-11-16,44.8925,16.008056,3
200410,1992-11-16,43.85,18.383333,1
200771,1992-11-16,44.611667,17.987222,3
199164,1992-11-18,43.85,18.383333,1
200102,1992-11-23,44.880833,18.426944,5
199935,1992-11-28,44.734722,18.087778,3
199883,1992-11-29,44.872778,18.808333,5
200078,1992-11-29,43.343333,17.808056,2
200413,1992-11-29,43.85,18.383333,2
200318,1992-11-30,44.13,18.582778,1
200794,1992-12-02,44.542778,18.669444,8
200415,1992-12-03,43.85,18.383333,41
200416,1992-12-06,43.85,18.383333,60
200866,1992-12-06,43.954167,19.133056,4
200417,1992-12-09,43.85,18.383333,5
200418,1992-12-12,43.85,18.383333,4
200787,1992-12-12,44.226667,17.670556,1
199560,1992-12-13,44.13,19.436944,10
199863,1992-12-14,44.1875,19.339444,150
200741,1992-12-14,44.106389,19.296944,0
199679,1992-12-19,44.258611,19.039722,3
200153,1992-12-19,43.755278,18.523889,6
200125,1992-12-27,43.833056,18.303889,1
200119,1993-01-01,43.822222,18.206667,1
200334,1993-01-01,43.84,18.305278,53
200744,1993-01-01,43.084444,17.9575,6
199529,1993-01-01,44.859167,18.766944,0
199864,1993-01-07,44.1875,19.339444,46
200672,1993-01-07,43.85,18.383333,3
200755,1993-01-07,43.901944,18.348056,20
199433,1993-01-10,43.85,18.383333,1
199847,1993-01-10,44.057222,17.450833,3
199150,1993-01-11,44.106389,19.296944,0
200311,1993-01-11,45.09,18.317778,9
200630,1993-01-11,43.85,18.383333,1
199436,1993-01-15,43.85,18.383333,8
199972,1993-01-15,43.85,18.383333,8
200080,1993-01-15,44.006667,16.600556,0
200109,1993-01-19,44.106389,19.296944,12
199357,1993-01-27,43.343333,17.808056,1
199463,1993-01-27,43.85,18.383333,0
200480,1993-01-27,43.85,18.383333,6
200488,1993-01-30,43.85,18.383333,18
199142,1993-02-07,43.85,18.383333,3
200500,1993-02-07,43.85,18.383333,4
200869,1993-02-09,43.954167,19.133056,7
200720,1993-02-10,44.106389,19.296944,31
200506,1993-02-11,43.85,18.383333,1
199886,1993-02-11,44.872778,18.808333,70
200509,1993-02-28,43.85,18.383333,1
199420,1993-03-02,44.542778,18.669444,2
199455,1993-03-02,43.85,18.383333,2
199925,1993-03-02,44.258611,19.039722,24
199758,1993-03-10,43.343333,17.808056,1
200839,1993-03-10,44.181944,18.940556,0
199611,1993-03-12,44.257778,19.105833,16
200162,1993-03-12,44.257778,19.105833,16
200489,1993-03-17,43.85,18.383333,3
199165,1993-03-18,43.85,18.383333,20
199923,1993-03-19,43.950833,18.270833,3
200510,1993-03-21,43.85,18.383333,8
199131,1993-03-22,43.85,18.383333,1
200040,1993-04-03,43.666944,18.976389,7
200721,1993-04-03,44.106389,19.296944,8
200511,1993-04-04,43.85,18.383333,7
200709,1993-04-04,44.106389,19.296944,3
200710,1993-04-05,44.106389,19.296944,1
199451,1993-04-07,43.85,18.383333,4
199155,1993-04-11,44.816944,15.870833,1
200512,1993-04-11,43.85,18.383333,4
199695,1993-04-12,44.106389,19.296944,56
199792,1993-04-12,44.816944,15.870833,6
200340,1993-04-12,44.7775,18.549722,3
200513,1993-04-12,43.85,18.383333,1
200725,1993-04-12,44.106389,19.296944,56
200706,1993-04-13,44.085,19.359167,6
200727,1993-04-14,44.106389,19.296944,8
200315,1993-04-15,44.510278,18.025833,1
200728,1993-04-16,44.106389,19.296944,7
199734,1993-04-16,44.154444,17.790278,7
200049,1993-04-17,44.13,18.582778,1
200729,1993-04-17,44.106389,19.296944,12
199452,1993-04-18,43.85,18.383333,5
200514,1993-04-18,43.85,18.383333,5
199369,1993-04-20,43.85,18.383333,2
199531,1993-04-24,44.230278,17.7975,5
200150,1993-04-24,43.881944,18.389167,2
199934,1993-04-30,44.856389,18.799444,10
200177,1993-04-30,44.841389,18.512222,1
200218,1993-04-30,44.867222,18.463056,1
199916,1993-05-02,43.85,18.383333,5
200459,1993-05-04,43.85,18.383333,2
200676,1993-05-04,43.85,18.383333,3
200258,1993-05-07,44.151944,19.323889,2
200868,1993-05-07,43.954167,19.133056,99
199760,1993-05-08,44.816944,15.870833,2
199678,1993-05-13,44.721667,18.821667,3
199884,1993-05-13,44.872778,18.808333,6
199933,1993-05-16,44.856389,18.799444,3
200178,1993-05-20,44.549167,18.096667,1
200460,1993-05-20,43.85,18.383333,2
200461,1993-05-21,43.85,18.383333,4
200462,1993-05-22,43.85,18.383333,12
200126,1993-05-23,43.833056,18.303889,6
200463,1993-05-23,43.85,18.383333,9
200465,1993-05-24,43.85,18.383333,7
200201,1993-05-25,44.549167,18.096667,12
200202,1993-05-27,44.549167,18.096667,1
200024,1993-05-28,43.666944,18.976389,0
200020,1993-05-30,43.666944,18.976389,18
200021,1993-05-31,43.666944,18.976389,30
199612,1993-06-01,44.549167,18.096667,3
199643,1993-06-01,43.85,18.383333,11
199950,1993-06-01,43.83,18.358611,11
200464,1993-06-01,43.85,18.383333,3
199561,1993-06-01,44.226667,17.670556,30
200082,1993-06-03,44.3975,18.767778,5
199132,1993-06-06,43.85,18.383333,1
200025,1993-06-06,43.666944,18.976389,2
200104,1993-06-06,44.880833,18.426944,3
200677,1993-06-06,43.85,18.383333,1
199717,1993-06-07,43.343333,17.808056,2
200026,1993-06-07,43.666944,18.976389,6
199732,1993-06-10,44.171111,17.6575,9
199709,1993-06-11,44.325833,17.58,2
200850,1993-06-11,44.445833,18.149722,4
199668,1993-06-12,44.445833,18.149722,4
200030,1993-06-12,43.666944,18.976389,57
200467,1993-06-12,43.85,18.383333,8
199598,1993-06-13,43.666944,18.976389,0
200028,1993-06-13,43.85,18.383333,12
200031,1993-06-13,43.666944,18.976389,67
200034,1993-06-13,43.666944,18.976389,59
200468,1993-06-15,43.85,18.383333,11
199963,1993-06-16,44.597778,17.969722,2
200036,1993-06-16,43.666944,18.976389,46
200632,1993-06-17,43.85,18.383333,3
200469,1993-06-19,43.85,18.383333,3
200862,1993-06-22,44.201389,17.906389,9
200205,1993-06-26,44.549167,18.096667,24
200673,1993-06-26,43.85,18.383333,7
199133,1993-06-27,43.85,18.383333,7
199644,1993-06-27,43.85,18.383333,1
200238,1993-06-30,43.685833,18.625,12
200029,1993-07-02,43.85,18.383333,6
200470,1993-07-03,43.85,18.383333,6
200105,1993-07-04,44.880833,18.426944,2
200471,1993-07-04,43.85,18.383333,5
200636,1993-07-05,43.85,18.383333,1
200206,1993-07-06,44.549167,18.096667,2
200747,1993-07-06,43.85,18.383333,10
200106,1993-07-07,43.6425,18.607222,20
199754,1993-07-08,43.833056,18.303889,7
200848,1993-07-11,44.445833,18.149722,2
199430,1993-07-12,43.85,18.383333,12
199951,1993-07-12,43.83,18.358611,12
200679,1993-07-12,43.85,18.383333,2
200797,1993-07-12,43.666111,18.445833,40
200803,1993-07-14,44.542778,18.669444,1
199812,1993-07-20,43.779722,18.258333,9
200038,1993-07-20,43.666944,18.976389,3
200237,1993-07-21,43.779722,18.258333,24
200748,1993-07-21,44.611667,17.987222,1
200873,1993-07-21,43.880833,18.353333,101
200472,1993-07-22,43.85,18.383333,7
200204,1993-07-22,44.549167,18.096667,1
200475,1993-07-23,43.85,18.383333,4
199645,1993-07-24,43.85,18.383333,2
200476,1993-07-24,43.85,18.383333,4
200477,1993-07-24,43.85,18.383333,19
199490,1993-07-25,44.226667,17.670556,0
200473,1993-07-28,43.85,18.383333,1
199134,1993-08-01,43.85,18.383333,3
199700,1993-08-03,44.611667,17.987222,0
200759,1993-08-04,44.611667,17.987222,5
199548,1993-08-10,44.701111,18.088889000000002,3
199553,1993-08-11,43.85,18.383333,1
199535,1993-08-17,43.9425,18.076667,0
199564,1993-08-22,44.154444,17.790278,1
200674,1993-08-24,43.85,18.383333,2
199159,1993-09-05,43.991389,18.21,1
200722,1993-09-05,43.85,18.383333,1
199725,1993-09-07,43.343333,17.808056,2
200474,1993-09-12,43.85,18.383333,2
199538,1993-09-14,43.809444,17.693333,6
199549,1993-09-14,43.822222,17.609167,27
199723,1993-09-27,43.660278,17.761667,1
199161,1993-09-28,44.549167,18.096667,4
200481,1993-09-30,43.85,18.383333,1
199517,1993-10-03,45.189444,15.811667,1
199481,1993-10-04,44.895278,16.186389,7
199478,1993-10-05,44.895278,16.186389,23
199718,1993-10-05,44.172778,17.646944,0
200639,1993-10-07,43.85,18.383333,2
199363,1993-10-15,44.549167,18.096667,3
199504,1993-10-16,44.900556,15.966667,0
199646,1993-10-16,43.85,18.383333,10
200485,1993-10-16,43.85,18.383333,10
200821,1993-10-18,43.589444,19.068611,9
199493,1993-10-19,44.154444,17.790278,1
199851,1993-10-19,43.666944,18.976389,2
200482,1993-10-19,43.85,18.383333,3
199484,1993-10-22,44.895278,16.186389,2
200487,1993-10-23,43.85,18.383333,10
199733,1993-10-24,44.125,18.323611,16
199968,1993-10-24,44.13,18.582778,1
200086,1993-10-24,44.703333,18.309722,2
199364,1993-10-26,44.549167,18.096667,2
199550,1993-10-26,44.552222,17.281944,0
200483,1993-10-27,43.85,18.383333,22
200207,1993-10-29,44.549167,18.096667,9
199477,1993-10-29,44.895278,16.186389,7
200342,1993-10-31,44.701111,18.088889000000002,4
199498,1993-10-30,45.031389,15.914444,6
199508,1993-10-31,44.226667,17.670556,3
200490,1993-10-31,43.85,18.383333,1
200039,1993-11-03,43.666944,18.976389,3
199563,1993-11-07,44.034167,17.424722,0
199114,1993-11-09,43.666944,18.976389,4
199437,1993-11-09,43.85,18.383333,7
199912,1993-11-09,43.666944,18.976389,4
200233,1993-11-09,43.85,18.383333,3
200491,1993-11-09,43.85,18.383333,4
200492,1993-11-10,43.85,18.383333,8
200208,1993-11-14,44.549167,18.096667,1
200234,1993-11-15,43.85,18.383333,2
199507,1993-11-20,45.088333,15.930833,30
200757,1993-11-20,44.604167,18.980556,3
200494,1993-11-22,43.85,18.383333,3
199166,1993-11-26,44.611667,17.987222,3
200495,1993-11-28,43.85,18.383333,5
200211,1993-12-02,44.549167,18.096667,2
200851,1993-12-02,44.445833,18.149722,1
200496,1993-12-03,43.85,18.383333,2
200499,1993-12-03,43.85,18.383333,2
199651,1993-12-06,43.85,18.383333,6
200497,1993-12-06,43.85,18.383333,6
199793,1993-12-08,43.833056,18.303889,2
199962,1993-12-12,43.666944,18.976389,4
200641,1993-12-14,43.85,18.383333,8
200723,1993-12-14,43.85,18.383333,1
200501,1993-12-15,43.85,18.383333,2
200502,1993-12-16,43.85,18.383333,1
200212,1993-12-17,44.549167,18.096667,3
200760,1993-12-17,44.611667,17.987222,3
199518,1993-12-18,44.193889,17.737222,0
199628,1993-12-18,43.85,18.383333,1
200503,1993-12-18,43.85,18.383333,1
199141,1993-12-27,43.85,18.383333,2
200504,1993-12-27,43.85,18.383333,7
199496,1993-12-30,44.171111,17.6575,1
199629,1993-12-31,43.85,18.383333,4
200505,1993-12-31,43.85,18.383333,5
199456,1994-01-02,43.85,18.383333,1
200517,1994-01-02,43.85,18.383333,1
200519,1994-01-02,43.85,18.383333,2
199143,1994-01-04,43.85,18.383333,6
200753,1994-01-04,44.604167,18.980556,1
199653,1994-01-04,43.85,18.383333,40
199728,1994-01-05,43.343333,17.808056,0
200547,1994-01-05,43.85,18.383333,4
200649,1994-01-06,43.85,18.383333,9
200640,1994-01-07,43.85,18.383333,6
200518,1994-01-08,43.85,18.383333,8
200647,1994-01-08,43.85,18.383333,2
199594,1994-01-10,44.721667,18.821667,0
200146,1994-01-10,44.437222,18.908056,30
200525,1994-01-11,43.85,18.383333,6
200531,1994-01-11,43.85,18.383333,1
200633,1994-01-11,43.85,18.383333,1
200538,1994-01-13,43.85,18.383333,4
199698,1994-01-14,44.106389,19.296944,0
199819,1994-01-14,43.85,18.383333,2
200527,1994-01-14,43.85,18.383333,4
200863,1994-01-17,44.201389,17.906389,2
199927,1994-01-18,43.246667,17.941944,2
199657,1994-01-22,43.85,18.383333,6
200634,1994-01-22,43.85,18.383333,6
200811,1994-01-23,44.542778,18.669444,4
200813,1994-01-24,44.542778,18.669444,5
200814,1994-01-25,44.542778,18.669444,5
199729,1994-01-28,43.343333,17.808056,5
200835,1994-01-30,43.988889,18.178056,1
199658,1994-02-04,43.85,18.383333,9
200545,1994-02-04,43.85,18.383333,9
199659,1994-02-05,43.85,18.383333,68
199954,1994-02-05,43.83,18.358611,68
199766,1994-02-07,44.844444,15.918611,10
200152,1994-02-09,43.349167,18.659722,5
200546,1994-02-11,43.85,18.383333,1
199466,1994-02-16,43.85,18.383333,1
200065,1994-02-19,43.938056,17.588333,1
199613,1994-02-23,44.549167,18.096667,0
200548,1994-02-23,43.85,18.383333,2
200142,1994-02-23,44.654167,17.958056,2
200149,1994-02-23,44.65,17.9,2
200182,1994-02-23,44.549167,18.096667,2
200214,1994-02-23,44.687778,18.051667,2
200549,1994-03-01,43.85,18.383333,1
200188,1994-03-03,44.549167,18.096667,1
200193,1994-03-06,44.549167,18.096667,4
199614,1994-03-11,44.549167,18.096667,11
200171,1994-03-16,43.992778,17.2775,2
200197,1994-03-16,44.549167,18.096667,1
200668,1994-03-16,43.85,18.383333,1
200551,1994-03-21,43.85,18.383333,12
200057,1994-03-29,43.666944,18.976389,1
200062,1994-03-29,43.666944,18.976389,0
199600,1994-03-29,43.666944,18.976389,0
200054,1994-03-29,43.666944,18.976389,197
200058,1994-03-30,43.666944,18.976389,8
200059,1994-03-31,43.666944,18.976389,1
200035,1994-04-01,43.666944,18.976389,4
200327,1994-04-01,45.035556,18.693333,1
200804,1994-04-10,44.542778,18.669444,3
199896,1994-04-11,44.016111,18.258889,1
200041,1994-04-11,43.666944,18.976389,6
200043,1994-04-14,43.666944,18.976389,3
199778,1994-04-16,44.816944,15.870833,2
199865,1994-04-16,44.872778,18.808333,2
199895,1994-04-16,44.016111,18.258889,1
199917,1994-04-16,44.721667,18.821667,2
200083,1994-04-16,44.3975,18.767778,1
200180,1994-04-16,44.549167,18.096667,1
200762,1994-04-16,44.611667,17.987222,1
199603,1994-04-20,43.666944,18.976389,14
200045,1994-04-20,43.666944,18.976389,14
200047,1994-04-20,43.666944,18.976389,8
199604,1994-04-21,43.666944,18.976389,15
200032,1994-04-21,43.666944,18.976389,2
200048,1994-04-21,43.666944,18.976389,20
200050,1994-04-21,43.666944,18.976389,75
199605,1994-04-22,43.666944,18.976389,19
200051,1994-04-22,43.666944,18.976389,3
200052,1994-04-22,43.666944,18.976389,5
199606,1994-04-23,43.666944,18.976389,3
200053,1994-04-23,43.666944,18.976389,5
199482,1994-04-24,43.666944,18.976389,2
200055,1994-04-24,43.666944,18.976389,2
200056,1994-04-24,43.666944,18.976389,2
199943,1994-05-01,44.734722,18.087778,4
200806,1994-05-01,44.542778,18.669444,1
199589,1994-05-09,44.466389,18.812778,2
200076,1994-05-09,44.466389,18.812778,4
200138,1994-05-09,44.437222,18.908056,3
200789,1994-05-19,44.226667,17.670556,1
200520,1994-06-11,43.85,18.383333,1
200521,1994-06-16,43.85,18.383333,1
199459,1994-06-17,45.112222,15.986111,52
199495,1994-06-17,45.054444,15.896944,52
199554,1994-06-25,43.85,18.383333,1
200826,1994-06-25,44.445833,18.149722,5
200699,1994-06-28,44.289722,17.6675,6
199419,1994-07-07,44.816944,15.870833,5
200219,1994-07-13,44.954444,18.303611,1
200808,1994-08-03,44.542778,18.669444,5
200120,1994-08-08,43.822222,18.206667,2
200524,1994-08-11,43.85,18.383333,1
200175,1994-08-16,44.7125,19.223333,1
199945,1994-08-17,44.734722,18.087778,2
199100,1994-08-20,44.816944,15.870833,5
199501,1994-08-20,45.031389,15.914444,5
199946,1994-08-23,44.734722,18.087778,4
199422,1994-08-31,44.816944,15.870833,11
199457,1994-08-31,45.054722,16.031944,0
199468,1994-08-31,44.966944,15.943056,0
200163,1994-09-01,43.651944,17.961389,1
199515,1994-09-09,45.189444,15.811667,1
199448,1994-09-18,43.85,18.383333,1
200528,1994-09-18,43.85,18.383333,2
200529,1994-09-18,43.85,18.383333,1
200231,1994-09-19,43.343333,17.808056,1
200767,1994-09-27,44.611667,17.987222,2
199449,1994-10-08,43.85,18.383333,1
200130,1994-10-08,43.950833,18.270833,1
200168,1994-10-21,43.992778,17.2775,35
200715,1994-10-21,44.143611,17.4,35
200782,1994-10-23,44.776389,18.1425,12
199689,1994-10-30,43.85,18.383333,1
200236,1994-10-30,44.723611,16.126667,24
200650,1994-10-30,43.85,18.383333,1
200156,1994-10-31,44.226389,18.691389,3
199652,1994-11-08,43.85,18.383333,1
200532,1994-11-08,43.85,18.383333,2
200533,1994-11-08,43.85,18.383333,1
200534,1994-11-08,43.85,18.383333,1
200190,1994-11-10,44.549167,18.096667,1
200846,1994-11-10,44.445833,18.149722,1
200157,1994-11-15,44.226389,18.691389,1
200809,1994-11-15,44.542778,18.669444,1
199423,1994-11-17,44.816944,15.870833,4
199654,1994-11-18,43.85,18.383333,1
199655,1994-11-23,43.85,18.383333,1
200536,1994-11-23,43.85,18.383333,1
199656,1994-11-24,43.85,18.383333,1
200537,1994-11-24,43.85,18.383333,1
199521,1994-11-27,45.189444,15.811667,3
200855,1994-11-28,44.796667,15.856389,1
199425,1994-11-29,44.816944,15.870833,1
199539,1994-11-30,44.816944,15.870833,0
199796,1994-11-30,44.816944,15.870833,0
199460,1994-12-04,44.966944,15.943056,6
199522,1994-12-04,45.189444,15.811667,6
199578,1994-12-09,44.816944,15.870833,1
199424,1994-12-10,43.85,18.383333,1
200539,1994-12-10,43.85,18.383333,1
199799,1994-12-11,44.816944,15.870833,1
199145,1994-12-12,43.85,18.383333,1
199803,1994-12-14,44.816944,15.870833,1
199396,1994-12-17,43.85,18.383333,1
199763,1994-12-17,43.85,18.383333,1
200667,1994-12-18,43.85,18.383333,1
200541,1994-12-19,43.85,18.383333,2
199469,1994-12-19,44.966944,15.943056,5
199398,1994-12-22,43.85,18.383333,2
200243,1995-01-01,43.349167,18.659722,6
200613,1995-01-01,43.85,18.383333,7
199511,1995-01-11,45.189444,15.811667,4
199562,1995-01-11,45.189444,15.811667,4
199810,1995-01-14,44.816944,15.870833,5
199438,1995-01-17,44.816944,15.870833,2
200644,1995-01-17,43.85,18.383333,1
199458,1995-02-03,45.054722,16.031944,2
200615,1995-02-09,43.85,18.383333,1
199107,1995-02-11,44.816944,15.870833,1
199442,1995-02-11,44.816944,15.870833,1
200114,1995-02-18,43.789167,18.342778,2
200657,1995-02-25,43.85,18.383333,1
199910,1995-03-02,43.819167,18.326111,1
200552,1995-03-04,43.85,18.383333,1
200635,1995-03-04,43.85,18.383333,1
199685,1995-03-06,43.85,18.383333,1
200678,1995-03-06,43.85,18.383333,1
199660,1995-03-12,43.85,18.383333,1
200561,1995-03-12,43.85,18.383333,1
200568,1995-03-12,43.85,18.383333,2
200574,1995-03-12,43.85,18.383333,1
199938,1995-03-17,43.83,18.358611,1
200593,1995-03-18,43.85,18.383333,1
199957,1995-03-19,43.83,18.358611,1
200822,1995-03-20,44.542778,18.669444,49
200242,1995-03-20,44.586389,18.795833,0
200265,1995-03-20,44.289722,17.6675,0
200240,1995-03-21,44.586389,18.795833,2
200241,1995-03-22,44.586389,18.795833,2
199428,1995-03-24,44.816944,15.870833,1
199401,1995-03-25,43.85,18.383333,1
199610,1995-03-25,43.343333,17.808056,1
200614,1995-03-25,43.85,18.383333,1
200250,1995-03-27,43.823611,18.448889,1
200604,1995-03-27,43.85,18.383333,1
199146,1995-04-06,43.85,18.383333,0
199429,1995-04-06,44.816944,15.870833,1
199582,1995-04-06,44.816944,15.870833,0
200620,1995-04-06,43.85,18.383333,1
199402,1995-04-09,43.85,18.383333,3
200616,1995-04-09,43.85,18.383333,3
200617,1995-04-09,43.85,18.383333,1
200619,1995-04-11,43.85,18.383333,1
200816,1995-04-13,44.542778,18.669444,1
199077,1995-04-22,44.872778,18.808333,0
200764,1995-04-26,44.611667,17.987222,1
199523,1995-04-29,44.756389,15.874722,1
199661,1995-05-02,43.85,18.383333,0
200622,1995-05-02,43.85,18.383333,2
200623,1995-05-02,43.85,18.383333,1
200671,1995-05-02,43.85,18.383333,2
199435,1995-05-04,44.816944,15.870833,1
199506,1995-05-04,44.816944,15.870833,2
199480,1995-05-07,44.788611,17.181389,1
199662,1995-05-07,43.85,18.383333,11
200261,1995-05-07,43.94,17.755833,42
200107,1995-05-08,44.880833,18.426944,3
200143,1995-05-08,44.654167,17.958056,2
200818,1995-05-08,44.542778,18.669444,4
199488,1995-05-10,45.158056,15.910833,2
199543,1995-05-10,45.158056,15.910833,1
199899,1995-05-11,44.016111,18.258889,1
199666,1995-05-13,43.85,18.383333,1
199516,1995-05-14,43.950833,18.270833,1
199571,1995-05-14,43.85,18.383333,1
199960,1995-05-15,43.83,18.358611,1
200819,1995-05-15,44.542778,18.669444,1
199888,1995-05-15,44.872778,18.808333,3
199898,1995-05-16,44.016111,18.258889,1
200624,1995-05-16,43.85,18.383333,5
200625,1995-05-16,43.85,18.383333,11
200556,1995-05-17,43.85,18.383333,3
199664,1995-05-22,43.85,18.383333,1
199691,1995-05-22,43.85,18.383333,1
200164,1995-05-22,43.651944,17.961389,1
200626,1995-05-22,43.85,18.383333,3
200658,1995-05-23,43.85,18.383333,1
199706,1995-05-25,44.542778,18.669444,71
200074,1995-05-25,43.666944,18.976389,4
199421,1995-05-28,44.542778,18.669444,0
199513,1995-05-28,44.63,18.360833,1
199544,1995-05-28,44.494722,18.701944,0
200176,1995-05-28,44.541944,18.525833,3
200247,1995-05-28,43.349167,18.659722,60
200336,1995-05-28,44.63,18.360833,1
200820,1995-05-28,44.542778,18.669444,1
199098,1995-05-30,43.85,18.383333,0
200572,1995-06-01,43.85,18.383333,2
200063,1995-06-02,43.666944,18.976389,3
200642,1995-06-03,43.85,18.383333,1
199665,1995-06-04,43.85,18.383333,2
200064,1995-06-04,43.666944,18.976389,1
200196,1995-06-04,44.549167,18.096667,2
199667,1995-06-07,43.85,18.383333,0
199406,1995-06-08,43.85,18.383333,0
199567,1995-06-08,43.838333,18.388889,1
200555,1995-06-08,43.85,18.383333,2
200239,1995-06-10,44.586389,18.795833,20
199690,1995-06-11,43.85,18.383333,0
200560,1995-06-15,43.85,18.383333,0
199670,1995-06-16,43.85,18.383333,2
200066,1995-06-16,43.666944,18.976389,5
199714,1995-06-17,43.950833,18.270833,3
200067,1995-06-17,43.666944,18.976389,2
200557,1995-06-17,43.85,18.383333,1
199596,1995-06-18,43.83,18.358611,9
200070,1995-06-19,43.666944,18.976389,1
200069,1995-06-20,43.666944,18.976389,1
199597,1995-06-21,43.83,18.358611,0
199699,1995-06-21,44.106389,19.296944,0
200871,1995-06-21,44.449444,18.649722,1
199671,1995-06-22,43.85,18.383333,2
199602,1995-06-24,43.666944,18.976389,3
199701,1995-06-24,44.106389,19.296944,0
199672,1995-06-25,43.85,18.383333,7
200562,1995-06-25,43.85,18.383333,1
200563,1995-06-25,43.85,18.383333,1
199673,1995-06-26,43.85,18.383333,0
200566,1995-06-26,43.85,18.383333,1
199702,1995-06-28,44.106389,19.296944,0
199807,1995-06-28,44.816944,15.870833,1
200569,1995-06-28,43.85,18.383333,4
200570,1995-06-28,43.85,18.383333,2
200571,1995-06-29,43.85,18.383333,3
199794,1995-06-30,43.833056,18.303889,1
200840,1995-06-30,43.901944,18.348056,1
199674,1995-07-01,43.85,18.383333,8
199889,1995-07-01,44.872778,18.808333,2
200132,1995-07-01,43.950833,18.270833,1
200565,1995-07-01,43.85,18.383333,2
200573,1995-07-01,43.85,18.383333,1
200576,1995-07-01,43.85,18.383333,8
200841,1995-07-01,43.901944,18.348056,1
199519,1995-07-02,43.85,18.383333,0
199359,1995-07-04,44.816944,15.870833,2
199557,1995-07-04,43.85,18.383333,1
200338,1995-07-04,43.968333,18.260556,1
200579,1995-07-04,43.85,18.383333,2
200577,1995-07-05,43.85,18.383333,1
200582,1995-07-05,43.85,18.383333,0
199675,1995-07-06,43.85,18.383333,0
199739,1995-07-06,43.840556,18.355556,2
200583,1995-07-06,43.85,18.383333,4
200071,1995-07-07,43.666944,18.976389,1
199703,1995-07-08,44.106389,19.296944,7
200585,1995-07-08,43.85,18.383333,2
200584,1995-07-09,43.85,18.383333,2
200714,1995-07-09,43.85,18.383333,3
200588,1995-07-10,43.85,18.383333,4
200589,1995-07-10,43.85,18.383333,0
199704,1995-07-10,44.106389,19.296944,8106
200590,1995-07-11,43.85,18.383333,3
199474,1995-07-12,44.875,15.781944,1
199676,1995-07-12,43.85,18.383333,5
200591,1995-07-12,43.85,18.383333,5
200592,1995-07-14,43.85,18.383333,2
200586,1995-07-15,43.85,18.383333,1
200594,1995-07-16,43.85,18.383333,6
200675,1995-07-16,43.85,18.383333,2
200743,1995-07-16,43.857222,18.488333,1
199677,1995-07-18,43.85,18.383333,2
199862,1995-07-18,43.85,18.383333,0
200587,1995-07-18,43.85,18.383333,6
200598,1995-07-21,43.85,18.383333,0
200599,1995-07-21,43.85,18.383333,24
199680,1995-07-23,43.85,18.383333,3
200597,1995-07-23,43.85,18.383333,1
200683,1995-07-23,43.85,18.383333,6
199926,1995-07-26,43.85,18.383333,2
199936,1995-07-26,44.734722,18.087778,1
199681,1995-07-29,43.85,18.383333,0
200073,1995-07-30,43.666944,18.976389,1
200179,1995-08-07,45.166389,17.301667,2
200313,1995-08-10,45.09,18.317778,3
200601,1995-08-10,43.85,18.383333,4
200815,1995-08-13,44.542778,18.669444,1
199969,1995-08-17,44.143611,17.4,2
199682,1995-08-18,43.85,18.383333,1
199710,1995-08-18,44.555,16.368611,6
200606,1995-08-22,43.85,18.383333,1
200843,1995-08-22,43.901944,18.348056,5
199683,1995-08-23,43.85,18.383333,4
199649,1995-08-24,43.85,18.383333,1
200607,1995-08-24,43.85,18.383333,1
199499,1995-08-28,43.833056,18.303889,0
199684,1995-08-28,43.85,18.383333,37
200609,1995-08-28,43.85,18.383333,37
199686,1995-08-29,43.85,18.383333,1
200608,1995-08-30,43.85,18.383333,1
200610,1995-08-30,43.85,18.383333,2
199625,1995-09-01,44.765278,16.665556,37
199599,1995-09-05,44.508889,18.841111,0
199687,1995-09-05,43.85,18.383333,1
200612,1995-09-05,43.85,18.383333,1
199688,1995-09-09,43.85,18.383333,1
200160,1995-09-18,45.102778,16.6775,2
200166,1995-09-18,45.176667,16.809444,2
200314,1995-09-18,45.09,18.317778,1
200754,1995-09-18,45.037222,16.538333,2
199708,1995-09-21,45.09,18.317778,18
199824,1995-09-21,45.176667,16.809444,0
199890,1995-09-24,44.872778,18.808333,1
200790,1995-09-27,44.226667,17.670556,3
199731,1995-10-09,44.415833,17.086111,0
200350,1995-10-12,44.765278,16.665556,2
200248,1995-12-04,43.349167,18.659722,1
200870,1995-12-14,44.426667,18.037778,5
